Series Description,Federal funds effective rate,30-Day AA Nonfinancial Commercial Paper Interest Rate,60-Day AA Nonfinancial Commercial Paper Interest Rate,90-Day AA Nonfinancial Commercial Paper Interest Rate,30-Day AA Financial Commercial Paper Interest Rate,60-Day AA Financial Commercial Paper Interest Rate,90-Day AA Financial Commercial Paper Interest Rate,"Average majority prime rate charged by banks   on short-term loans to business,   quoted on an investment basis",The rate charged for primary credit under   amendment to the Board's Regulation A,4-week Treasury bill secondary market rate   discount basis,3-month Treasury bill secondary market rate   discount basis,6-month Treasury bill secondary market rate   discount basis,1-year Treasury bill secondary market rate^  discount basis,"Market yield on U.S. Treasury securities at 1-month   constant maturity, quoted on investment basis","Market yield on U.S. Treasury securities at 3-month   constant maturity, quoted on investment basis","Market yield on U.S. Treasury securities at 6-month   constant maturity, quoted on investment basis","Market yield on U.S. Treasury securities at 1-year   constant maturity, quoted on investment basis","Market yield on U.S. Treasury securities at 2-year   constant maturity, quoted on investment basis","Market yield on U.S. Treasury securities at 3-year   constant maturity, quoted on investment basis","Market yield on U.S. Treasury securities at 5-year   constant maturity, quoted on investment basis","Market yield on U.S. Treasury securities at 7-year   constant maturity, quoted on investment basis","Market yield on U.S. Treasury securities at 10-year   constant maturity, quoted on investment basis","Market yield on U.S. Treasury securities at 20-year   constant maturity, quoted on investment basis","Market yield on U.S. Treasury securities at 30-year   constant maturity, quoted on investment basis","Market yield on U.S. Treasury securities at 5-year   constant maturity, quoted on investment basis,   inflation-indexed","Market yield on U.S. Treasury securities at 7-year   constant maturity, quoted on investment basis,   inflation-indexed","Market yield on U.S. Treasury securities at 10-year   constant maturity, quoted on investment basis,   inflation-indexed","Market yield on U.S. Treasury securities at 20-year   constant maturity, quoted on investment basis,   inflation-indexed","Market yield on U.S. Treasury securities at 30-year^  constant maturity, quoted on investment basis,^  inflation-indexed",Treasury long-term average (over 10 years)
2010-01,0.11,0.13,0.14,0.13,0.11,0.15,0.18,3.25,0.5,0.02,0.06,0.15,0.32,0.02,0.06,0.15,0.35,0.93,1.49,2.48,3.21,3.73,4.5,4.6,0.42,0.85,1.37,2,,1.98
2010-02,0.13,0.13,0.13,0.15,0.15,0.18,0.2,3.25,0.59,0.06,0.11,0.18,0.33,0.06,0.11,0.18,0.35,0.86,1.4,2.36,3.12,3.69,4.48,4.62,0.42,0.9,1.42,2.03,2.16,2.03
2010-03,0.16,0.15,0.17,0.2,0.2,0.21,0.24,3.25,0.75,0.11,0.15,0.22,0.37,0.12,0.15,0.23,0.4,0.96,1.51,2.43,3.16,3.73,4.49,4.64,0.56,1.08,1.51,1.98,2.15,2.1
2010-04,0.2,0.19,0.21,0.23,0.21,0.28,0.3,3.25,0.75,0.15,0.16,0.24,0.42,0.15,0.16,0.24,0.45,1.06,1.64,2.58,3.28,3.85,4.53,4.69,0.62,1.1,1.5,1.9,2.05,1.99
2010-05,0.2,0.21,0.23,0.28,0.26,0.33,0.44,3.25,0.75,0.15,0.16,0.22,0.35,0.15,0.16,0.22,0.37,0.83,1.32,2.18,2.86,3.42,4.11,4.29,0.41,0.86,1.31,1.72,1.83,1.76
2010-06,0.18,0.19,0.24,0.32,0.24,0.36,0.46,3.25,0.75,0.08,0.12,0.19,0.3,0.08,0.12,0.19,0.32,0.72,1.17,2,2.66,3.2,3.95,4.13,0.34,0.76,1.26,1.69,1.77,1.72
2010-07,0.18,0.2,0.23,0.27,0.23,0.27,0.37,3.25,0.75,0.16,0.16,0.2,0.28,0.16,0.16,0.2,0.29,0.62,0.98,1.76,2.43,3.01,3.8,3.99,0.34,0.73,1.24,1.8,1.87,1.79
2010-08,0.19,0.2,0.23,0.25,0.21,0.23,0.27,3.25,0.75,0.15,0.16,0.19,0.25,0.15,0.16,0.19,0.26,0.52,0.78,1.47,2.1,2.7,3.52,3.8,0.13,0.51,1.02,1.65,1.76,1.59
2010-09,0.19,0.21,0.22,0.24,0.2,0.23,0.25,3.25,0.75,0.12,0.15,0.19,0.25,0.12,0.15,0.19,0.26,0.48,0.74,1.41,2.05,2.65,3.47,3.77,0.13,0.46,0.91,1.58,1.66,1.44
2010-10,0.19,0.21,0.21,0.23,0.2,0.22,0.25,3.25,0.75,0.14,0.13,0.18,0.22,0.14,0.13,0.18,0.23,0.38,0.57,1.18,1.85,2.54,3.52,3.87,-0.32,0.02,0.53,1.32,1.44,1.19
2010-11,0.19,0.2,0.21,0.23,0.21,0.23,0.25,3.25,0.75,0.13,0.14,0.18,0.24,0.13,0.14,0.18,0.25,0.45,0.67,1.35,2.02,2.76,3.82,4.19,-0.21,0.17,0.67,1.44,1.61,1.31
2010-12,0.18,0.19,0.21,0.23,0.19,0.23,0.27,3.25,0.75,0.08,0.14,0.19,0.28,0.09,0.14,0.19,0.29,0.62,0.99,1.93,2.66,3.29,4.17,4.42,0.21,0.65,1.04,1.67,1.89,1.67
2011-01,0.17,0.19,0.22,0.24,0.21,0.24,0.26,3.25,0.75,0.14,0.15,0.18,0.26,0.14,0.15,0.18,0.27,0.61,1.03,1.99,2.72,3.39,4.28,4.52,0.06,0.62,1.06,1.7,1.97,1.73
2011-02,0.16,0.19,0.21,0.23,0.2,0.23,0.25,3.25,0.75,0.11,0.13,0.17,0.27,0.11,0.13,0.17,0.29,0.77,1.28,2.26,2.96,3.58,4.42,4.65,0.25,0.84,1.24,1.85,2.13,1.9
2011-03,0.14,0.17,0.21,0.23,0.17,0.2,0.23,3.25,0.75,0.06,0.1,0.16,0.24,0.06,0.1,0.16,0.26,0.7,1.17,2.11,2.8,3.41,4.27,4.51,-0.09,0.54,0.96,1.58,1.89,1.65
2011-04,0.1,0.14,0.17,0.2,0.14,0.17,0.22,3.25,0.75,0.03,0.06,0.12,0.23,0.03,0.06,0.12,0.25,0.73,1.21,2.17,2.84,3.46,4.28,4.5,-0.14,0.49,0.86,1.48,1.79,1.56
2011-05,0.09,0.11,0.14,0.16,0.12,0.14,0.18,3.25,0.75,0.02,0.04,0.09,0.17,0.02,0.04,0.09,0.19,0.56,0.94,1.84,2.51,3.17,4.01,4.29,-0.34,0.29,0.78,1.47,1.77,1.49
2011-06,0.09,0.11,0.14,0.15,0.11,0.13,0.17,3.25,0.75,0.02,0.04,0.1,0.17,0.02,0.04,0.1,0.18,0.41,0.71,1.58,2.29,3,3.91,4.23,-0.38,0.21,0.76,1.53,1.78,1.48
2011-07,0.07,0.09,0.11,0.14,0.09,0.13,0.17,3.25,0.75,0.04,0.04,0.08,0.18,0.04,0.04,0.08,0.19,0.41,0.68,1.54,2.28,3,3.95,4.27,-0.49,0.09,0.62,1.36,1.62,1.31
2011-08,0.1,0.11,0.13,0.16,0.13,0.18,0.21,3.25,0.75,0.02,0.02,0.06,0.11,0.02,0.02,0.06,0.11,0.23,0.38,1.02,1.63,2.3,3.24,3.65,-0.75,-0.36,0.14,0.81,1.1,0.76
2011-09,0.08,0.08,0.11,0.14,0.1,0.15,0.22,3.25,0.75,0,0.01,0.04,0.1,0.01,0.01,0.04,0.1,0.21,0.35,0.9,1.42,1.98,2.83,3.18,-0.72,-0.39,0.08,0.69,1.02,0.71
2011-10,0.07,0.09,0.1,0.15,0.11,0.15,0.24,3.25,0.75,0.01,0.02,0.05,0.11,0.01,0.02,0.05,0.11,0.28,0.47,1.06,1.62,2.15,2.87,3.13,-0.63,-0.28,0.19,0.72,0.99,0.74
2011-11,0.08,0.1,0.11,0.14,0.09,0.17,0.21,3.25,0.75,0.01,0.01,0.05,0.11,0.01,0.01,0.05,0.11,0.25,0.39,0.91,1.45,2.01,2.72,3.02,-0.85,-0.46,0,0.55,0.78,0.52
2011-12,0.07,0.1,0.11,0.14,0.06,0.1,0.18,3.25,0.75,0,0.01,0.05,0.11,0,0.01,0.05,0.12,0.26,0.39,0.89,1.43,1.98,2.67,2.98,-0.78,-0.44,-0.03,0.56,0.78,0.51
2012-01,0.08,0.09,0.11,0.14,0.06,0.12,0.26,3.25,0.75,0.02,0.03,0.07,0.11,0.02,0.03,0.07,0.12,0.24,0.36,0.84,1.38,1.97,2.7,3.03,-0.92,-0.55,-0.11,0.51,0.74,0.45
2012-02,0.1,0.12,0.13,0.17,0.09,0.13,0.21,3.25,0.75,0.06,0.09,0.12,0.15,0.06,0.09,0.12,0.16,0.28,0.38,0.83,1.37,1.97,2.75,3.11,-1.11,-0.69,-0.25,0.45,0.72,0.36
2012-03,0.13,0.13,0.16,0.18,0.12,0.14,0.2,3.25,0.75,0.06,0.08,0.14,0.18,0.06,0.08,0.14,0.19,0.34,0.51,1.02,1.56,2.17,2.94,3.28,-1.03,-0.57,-0.14,0.56,0.87,0.51
2012-04,0.14,0.13,0.16,0.2,0.1,0.15,0.2,3.25,0.75,0.07,0.08,0.14,0.18,0.07,0.08,0.14,0.18,0.29,0.43,0.89,1.43,2.05,2.82,3.18,-1.06,-0.65,-0.21,0.5,0.79,0.42
2012-05,0.16,0.13,0.16,0.19,0.12,0.15,0.2,3.25,0.75,0.07,0.09,0.15,0.19,0.07,0.09,0.15,0.19,0.29,0.39,0.76,1.21,1.8,2.53,2.93,-1.12,-0.79,-0.34,0.44,0.68,0.26
2012-06,0.16,0.14,0.17,0.21,0.13,0.16,0.21,3.25,0.75,0.05,0.09,0.15,0.18,0.05,0.09,0.15,0.19,0.29,0.39,0.71,1.08,1.62,2.31,2.7,-1.05,-0.82,-0.5,0.1,0.5,0.11
2012-07,0.16,0.14,0.17,0.22,0.13,0.14,0.24,3.25,0.75,0.07,0.1,0.15,0.18,0.07,0.1,0.15,0.19,0.25,0.33,0.62,0.98,1.53,2.22,2.59,-1.15,-0.92,-0.6,-0.01,0.39,0.02
2012-08,0.13,0.14,0.16,0.2,0.14,0.16,0.19,3.25,0.75,0.09,0.1,0.14,0.18,0.09,0.1,0.14,0.18,0.27,0.37,0.71,1.14,1.68,2.4,2.77,-1.19,-0.94,-0.59,0.06,0.47,0.09
2012-09,0.14,0.12,0.14,0.2,0.11,0.16,0.17,3.25,0.75,0.07,0.11,0.14,0.17,0.08,0.11,0.14,0.18,0.26,0.34,0.67,1.12,1.72,2.49,2.88,-1.47,-1.17,-0.71,0.02,0.44,0.01
2012-10,0.16,0.14,0.15,0.19,0.12,0.16,0.19,3.25,0.75,0.11,0.1,0.15,0.17,0.11,0.1,0.15,0.18,0.28,0.37,0.71,1.15,1.75,2.51,2.9,-1.47,-1.18,-0.75,-0.01,0.41,-0.05
2012-11,0.16,0.14,0.17,0.2,0.15,0.19,0.21,3.25,0.75,0.13,0.09,0.14,0.17,0.12,0.09,0.14,0.18,0.27,0.36,0.67,1.08,1.65,2.39,2.8,-1.38,-1.13,-0.77,-0.06,0.35,-0.1
2012-12,0.16,0.13,0.16,0.2,0.1,0.13,0.17,3.25,0.75,0.04,0.07,0.12,0.15,0.04,0.07,0.12,0.16,0.26,0.35,0.7,1.13,1.72,2.47,2.88,-1.4,-1.13,-0.76,0,0.33,-0.12
2013-01,0.14,0.12,0.13,0.16,0.11,0.15,0.19,3.25,0.75,0.05,0.07,0.11,0.14,0.05,0.07,0.11,0.15,0.27,0.39,0.81,1.3,1.91,2.68,3.08,-1.39,-1.04,-0.61,0.2,0.48,0.03
2013-02,0.15,0.12,0.14,0.17,0.11,0.12,0.16,3.25,0.75,0.08,0.1,0.12,0.15,0.08,0.1,0.12,0.16,0.27,0.4,0.85,1.35,1.98,2.78,3.17,-1.39,-0.94,-0.57,0.19,0.57,0.1
2013-03,0.14,0.1,0.13,0.15,0.11,0.13,0.15,3.25,0.75,0.08,0.09,0.11,0.14,0.08,0.09,0.11,0.15,0.26,0.39,0.82,1.32,1.96,2.78,3.16,-1.43,-0.97,-0.59,0.19,0.62,0.13
2013-04,0.15,0.08,0.1,0.12,0.1,0.13,0.16,3.25,0.75,0.05,0.06,0.09,0.12,0.05,0.06,0.09,0.12,0.23,0.34,0.71,1.15,1.76,2.55,2.93,-1.38,-0.97,-0.65,0.07,0.48,-0.01
2013-05,0.11,0.07,0.08,0.1,0.09,0.11,0.14,3.25,0.75,0.02,0.04,0.08,0.11,0.02,0.04,0.08,0.12,0.25,0.4,0.84,1.31,1.93,2.73,3.11,-1.14,-0.69,-0.36,0.35,0.72,0.26
2013-06,0.09,0.07,0.09,0.1,0.07,0.1,0.14,3.25,0.75,0.03,0.05,0.09,0.14,0.03,0.05,0.09,0.14,0.33,0.58,1.2,1.71,2.3,3.07,3.4,-0.59,-0.21,0.25,0.98,1.21,0.83
2013-07,0.09,0.06,0.08,0.11,0.08,0.1,0.14,3.25,0.75,0.02,0.04,0.07,0.12,0.02,0.04,0.07,0.12,0.34,0.64,1.4,1.99,2.58,3.31,3.61,-0.45,0.02,0.46,1.09,1.34,0.99
2013-08,0.08,0.05,0.07,0.09,0.07,0.09,0.12,3.25,0.75,0.04,0.04,0.07,0.12,0.04,0.04,0.07,0.13,0.36,0.7,1.52,2.15,2.74,3.49,3.76,-0.33,0.15,0.55,1.16,1.44,1.08
2013-09,0.08,0.05,0.06,0.08,0.06,0.08,0.11,3.25,0.75,0.02,0.02,0.04,0.11,0.02,0.02,0.04,0.12,0.4,0.78,1.6,2.22,2.81,3.53,3.79,-0.17,0.34,0.66,1.22,1.5,1.16
2013-10,0.09,0.07,0.09,0.11,0.09,0.12,0.12,3.25,0.75,0.11,0.05,0.08,0.11,0.11,0.05,0.08,0.12,0.34,0.63,1.37,1.99,2.62,3.38,3.68,-0.41,0.11,0.43,1.05,1.37,0.99
2013-11,0.08,0.05,0.07,0.09,0.07,0.09,0.12,3.25,0.75,0.05,0.07,0.1,0.12,0.05,0.07,0.1,0.12,0.3,0.58,1.37,2.07,2.72,3.5,3.8,-0.38,0.18,0.55,1.2,1.51,1.12
2013-12,0.09,0.06,0.07,0.09,0.07,0.1,0.14,3.25,0.75,0.02,0.07,0.1,0.13,0.02,0.07,0.1,0.13,0.34,0.69,1.58,2.29,2.9,3.63,3.89,-0.09,0.47,0.74,1.32,1.61,1.27
2014-01,0.07,0.05,0.06,0.09,0.07,0.09,0.12,3.25,0.75,0.02,0.04,0.07,0.11,0.02,0.04,0.07,0.12,0.39,0.78,1.65,2.29,2.86,3.52,3.77,-0.09,0.45,0.63,1.17,1.44,1.11
2014-02,0.07,0.06,0.08,0.1,0.07,0.11,0.13,3.25,0.75,0.05,0.05,0.08,0.11,0.05,0.05,0.08,0.12,0.33,0.69,1.52,2.15,2.71,3.38,3.66,-0.26,0.3,0.55,1.12,1.4,1.04
2014-03,0.08,0.06,0.08,0.1,0.07,0.1,0.12,3.25,0.75,0.05,0.05,0.08,0.12,0.05,0.05,0.08,0.13,0.4,0.82,1.64,2.23,2.72,3.35,3.62,-0.14,0.37,0.56,1.05,1.33,1.03
2014-04,0.09,0.05,0.07,0.1,0.07,0.09,0.12,3.25,0.75,0.02,0.03,0.05,0.1,0.02,0.03,0.05,0.11,0.42,0.88,1.7,2.27,2.71,3.27,3.52,-0.11,0.38,0.54,0.98,1.23,0.96
2014-05,0.09,0.05,0.07,0.1,0.07,0.08,0.11,3.25,0.75,0.03,0.03,0.05,0.09,0.03,0.03,0.05,0.1,0.39,0.83,1.59,2.12,2.56,3.12,3.39,-0.34,0.21,0.37,0.82,1.08,0.79
2014-06,0.1,0.06,0.08,0.1,0.07,0.08,0.11,3.25,0.75,0.02,0.04,0.06,0.1,0.02,0.04,0.06,0.1,0.45,0.9,1.68,2.19,2.6,3.15,3.42,-0.29,0.23,0.37,0.84,1.11,0.81
2014-07,0.09,0.07,0.08,0.1,0.08,0.1,0.13,3.25,0.75,0.02,0.03,0.06,0.1,0.02,0.03,0.06,0.11,0.51,0.97,1.7,2.17,2.54,3.07,3.33,-0.27,0.18,0.28,0.72,0.98,0.7
2014-08,0.09,0.08,0.09,0.11,0.09,0.11,0.13,3.25,0.75,0.03,0.03,0.05,0.1,0.03,0.03,0.05,0.11,0.47,0.93,1.63,2.08,2.42,2.94,3.2,-0.21,0.15,0.22,0.64,0.9,0.63
2014-09,0.09,0.06,0.08,0.1,0.09,0.1,0.12,3.25,0.75,0.01,0.02,0.04,0.1,0.01,0.02,0.04,0.11,0.57,1.05,1.77,2.22,2.53,3.01,3.26,0.1,0.38,0.46,0.81,1.05,0.83
2014-10,0.09,0.06,0.08,0.1,0.08,0.1,0.12,3.25,0.75,0.02,0.02,0.05,0.1,0.02,0.02,0.05,0.1,0.45,0.88,1.55,1.98,2.3,2.77,3.04,0.06,0.32,0.38,0.74,0.96,0.75
2014-11,0.09,0.07,0.08,0.1,0.09,0.11,0.13,3.25,0.75,0.04,0.02,0.07,0.12,0.04,0.02,0.07,0.13,0.53,0.96,1.62,2.03,2.33,2.76,3.04,0.14,0.37,0.45,0.77,0.99,0.78
2014-12,0.12,0.11,0.11,0.13,0.11,0.14,0.15,3.25,0.75,0.03,0.03,0.11,0.2,0.03,0.03,0.11,0.21,0.64,1.06,1.64,1.98,2.21,2.55,2.83,0.37,0.47,0.51,0.73,0.89,0.74
2015-01,0.11,0.09,0.1,0.12,0.12,0.14,0.16,3.25,0.75,0.02,0.03,0.08,0.18,0.02,0.03,0.08,0.2,0.55,0.9,1.37,1.67,1.88,2.2,2.46,0.17,0.24,0.27,0.5,0.66,0.54
2015-02,0.11,0.08,0.09,0.12,0.1,0.12,0.15,3.25,0.75,0.02,0.02,0.07,0.21,0.02,0.02,0.07,0.22,0.62,0.99,1.47,1.79,1.98,2.34,2.57,0.11,0.22,0.26,0.52,0.73,0.58
2015-03,0.11,0.08,0.09,0.11,0.09,0.12,0.14,3.25,0.75,0.02,0.03,0.11,0.24,0.02,0.03,0.11,0.25,0.64,1.02,1.52,1.84,2.04,2.41,2.63,0.04,0.23,0.28,0.55,0.73,0.58
2015-04,0.12,0.07,0.08,0.1,0.08,0.1,0.13,3.25,0.75,0.02,0.02,0.09,0.22,0.02,0.02,0.09,0.23,0.54,0.87,1.35,1.69,1.94,2.33,2.59,-0.26,-0.01,0.08,0.42,0.65,0.47
2015-05,0.12,0.08,0.1,0.12,0.09,0.12,0.15,3.25,0.75,0.01,0.02,0.08,0.22,0.01,0.02,0.08,0.24,0.61,0.98,1.54,1.93,2.2,2.69,2.96,-0.1,0.27,0.33,0.7,0.96,0.74
2015-06,0.13,0.09,0.1,0.14,0.11,0.14,0.18,3.25,0.75,0,0.02,0.09,0.26,0.01,0.02,0.09,0.28,0.69,1.07,1.68,2.1,2.36,2.85,3.11,0.05,0.39,0.5,0.89,1.13,0.89
2015-07,0.13,0.08,0.1,0.13,0.11,0.15,0.19,3.25,0.75,0.03,0.03,0.12,0.28,0.03,0.03,0.12,0.3,0.67,1.03,1.63,2.04,2.32,2.77,3.07,0.14,0.42,0.5,0.87,1.11,0.87
2015-08,0.14,0.1,0.14,0.18,0.13,0.2,0.26,3.25,0.75,0.03,0.07,0.22,0.36,0.04,0.07,0.22,0.38,0.7,1.03,1.54,1.91,2.17,2.55,2.86,0.31,0.49,0.56,0.87,1.08,0.88
2015-09,0.14,0.13,0.17,0.22,0.15,0.21,0.27,3.25,0.75,0,0.02,0.18,0.35,0.01,0.02,0.18,0.37,0.71,1.01,1.49,1.88,2.17,2.62,2.95,0.33,0.52,0.65,1.01,1.24,1.03
2015-10,0.12,0.11,0.14,0.18,0.13,0.19,0.25,3.25,0.75,0.01,0.02,0.11,0.25,0.01,0.02,0.11,0.26,0.64,0.93,1.39,1.76,2.07,2.5,2.89,0.21,0.39,0.57,0.98,1.22,0.97
2015-11,0.12,0.11,0.15,0.2,0.13,0.21,0.3,3.25,0.75,0.07,0.12,0.32,0.45,0.07,0.13,0.33,0.48,0.88,1.2,1.67,2.02,2.26,2.69,3.03,0.4,0.55,0.69,1.03,1.25,1.05
2015-12,0.24,0.28,0.33,0.36,0.3,0.4,0.54,3.37,0.87,0.17,0.23,0.49,0.63,0.17,0.23,0.5,0.65,0.98,1.28,1.7,2.04,2.24,2.61,2.97,0.46,0.59,0.73,1.06,1.26,1.07
2016-01,0.34,0.34,0.4,0.47,0.38,0.47,0.57,3.5,1,0.22,0.26,0.43,0.52,0.23,0.26,0.43,0.54,0.9,1.14,1.52,1.85,2.09,2.49,2.86,0.33,0.49,0.67,1.05,1.26,1.06
2016-02,0.38,0.35,0.42,0.47,0.41,0.47,0.54,3.5,1,0.25,0.31,0.44,0.52,0.26,0.31,0.45,0.53,0.73,0.9,1.22,1.53,1.78,2.2,2.62,0.14,0.3,0.47,0.85,1.09,0.91
2016-03,0.36,0.34,0.4,0.47,0.41,0.47,0.55,3.5,1,0.25,0.29,0.46,0.64,0.25,0.3,0.47,0.66,0.88,1.04,1.38,1.68,1.89,2.28,2.68,-0.03,0.16,0.34,0.73,0.99,0.81
2016-04,0.37,0.35,0.39,0.48,0.41,0.47,0.55,3.5,1,0.19,0.23,0.37,0.54,0.19,0.23,0.37,0.56,0.77,0.92,1.26,1.57,1.81,2.21,2.62,-0.22,-0.03,0.19,0.6,0.86,0.67
2016-05,0.37,0.35,0.41,0.48,0.38,0.47,0.57,3.5,1,0.22,0.27,0.41,0.57,0.23,0.28,0.42,0.59,0.82,0.97,1.3,1.6,1.81,2.22,2.63,-0.22,-0.04,0.21,0.64,0.86,0.67
2016-06,0.38,0.38,0.43,0.49,0.39,0.47,0.55,3.5,1,0.22,0.27,0.4,0.54,0.22,0.27,0.4,0.55,0.73,0.86,1.17,1.44,1.64,2.02,2.45,-0.27,-0.07,0.17,0.63,0.82,0.63
2016-07,0.39,0.35,0.4,0.46,0.4,0.5,0.62,3.5,1,0.26,0.3,0.39,0.5,0.26,0.3,0.4,0.51,0.67,0.79,1.07,1.33,1.5,1.82,2.23,-0.32,-0.16,0.04,0.42,0.61,0.46
2016-08,0.4,0.37,0.43,0.5,0.42,0.56,0.73,3.5,1,0.26,0.3,0.44,0.55,0.26,0.3,0.45,0.57,0.74,0.85,1.13,1.4,1.56,1.89,2.26,-0.17,-0.06,0.09,0.43,0.62,0.48
2016-09,0.4,0.4,0.46,0.53,0.45,0.6,0.75,3.5,1,0.18,0.29,0.46,0.58,0.19,0.29,0.47,0.59,0.77,0.9,1.18,1.46,1.63,2.02,2.35,-0.17,-0.05,0.12,0.47,0.64,0.5
2016-10,0.4,0.43,0.5,0.58,0.46,0.6,0.72,3.5,1,0.24,0.33,0.47,0.64,0.24,0.33,0.48,0.66,0.84,0.99,1.27,1.56,1.76,2.17,2.5,-0.26,-0.1,0.1,0.49,0.69,0.52
2016-11,0.41,0.43,0.54,0.62,0.48,0.6,0.71,3.5,1,0.29,0.45,0.57,0.71,0.3,0.45,0.58,0.74,0.98,1.22,1.6,1.93,2.14,2.54,2.86,-0.07,0.11,0.32,0.69,0.86,0.71
2016-12,0.54,0.56,0.65,0.74,0.61,0.73,0.87,3.64,1.14,0.41,0.51,0.63,0.84,0.42,0.51,0.64,0.87,1.2,1.49,1.96,2.29,2.49,2.84,3.11,0.15,0.36,0.56,0.89,1.04,0.91
2017-01,0.65,0.64,0.72,0.8,0.71,0.81,0.9,3.75,1.25,0.49,0.51,0.61,0.8,0.5,0.52,0.62,0.83,1.21,1.48,1.92,2.23,2.43,2.75,3.02,0.03,0.27,0.42,0.74,0.92,0.78
2017-02,0.66,0.61,0.7,0.77,0.71,0.78,0.87,3.75,1.25,0.47,0.52,0.64,0.79,0.48,0.53,0.65,0.82,1.2,1.47,1.9,2.22,2.42,2.76,3.03,0.01,0.29,0.4,0.73,0.93,0.77
2017-03,0.79,0.78,0.84,0.87,0.83,0.9,0.98,3.88,1.38,0.65,0.74,0.87,0.98,0.66,0.75,0.89,1.01,1.31,1.59,2.01,2.3,2.48,2.83,3.08,0.18,0.42,0.49,0.79,0.99,0.83
2017-04,0.9,0.83,0.86,0.92,0.91,0.97,1.03,4,1.5,0.73,0.8,0.93,1.01,0.75,0.81,0.95,1.04,1.24,1.44,1.82,2.1,2.3,2.67,2.94,0.08,0.28,0.39,0.72,0.91,0.75
2017-05,0.91,0.84,0.89,0.95,0.95,1,1.05,4,1.5,0.71,0.89,1.02,1.09,0.73,0.9,1.04,1.12,1.3,1.48,1.84,2.11,2.3,2.7,2.96,0.09,0.29,0.47,0.8,0.99,0.82
2017-06,1.04,1.02,1.06,1.1,1.08,1.12,1.16,4.13,1.63,0.82,0.98,1.09,1.17,0.84,1,1.11,1.2,1.34,1.49,1.77,2.01,2.19,2.54,2.8,0.14,0.32,0.46,0.75,0.93,0.78
2017-07,1.15,1.1,1.13,1.17,1.15,1.18,1.22,4.25,1.75,0.95,1.07,1.11,1.19,0.97,1.09,1.13,1.22,1.37,1.54,1.87,2.13,2.32,2.65,2.88,0.23,0.42,0.55,0.84,1.01,0.87
2017-08,1.16,1.1,1.14,1.18,1.16,1.2,1.25,4.25,1.75,0.96,1.01,1.11,1.2,0.98,1.03,1.13,1.23,1.34,1.48,1.78,2.03,2.21,2.55,2.8,0.16,0.35,0.43,0.74,0.93,0.78
2017-09,1.15,1.11,1.14,1.18,1.17,1.21,1.25,4.25,1.75,0.98,1.03,1.15,1.25,0.99,1.05,1.17,1.28,1.38,1.51,1.8,2.03,2.2,2.53,2.78,0.12,0.31,0.37,0.67,0.87,0.72
2017-10,1.15,1.13,1.17,1.21,1.16,1.2,1.26,4.25,1.75,0.98,1.07,1.23,1.36,1,1.09,1.25,1.4,1.55,1.68,1.98,2.2,2.36,2.65,2.88,0.25,0.42,0.5,0.77,0.94,0.81
2017-11,1.16,1.16,1.22,1.28,1.2,1.27,1.32,4.25,1.75,1.07,1.23,1.36,1.51,1.09,1.25,1.39,1.56,1.7,1.81,2.05,2.23,2.35,2.6,2.8,0.3,0.43,0.5,0.72,0.87,0.75
2017-12,1.3,1.4,1.38,1.43,1.4,1.47,1.54,4.4,1.9,1.18,1.32,1.47,1.65,1.2,1.34,1.5,1.7,1.84,1.96,2.18,2.32,2.4,2.6,2.77,0.42,0.48,0.5,0.68,0.8,0.71
2018-01,1.41,1.5,1.54,1.59,1.48,1.55,1.63,4.5,2,1.27,1.41,1.59,1.75,1.3,1.43,1.62,1.8,2.03,2.15,2.38,2.51,2.58,2.73,2.88,0.45,0.51,0.54,0.69,0.8,0.72
2018-02,1.42,1.54,1.61,1.69,1.51,1.66,1.78,4.5,2,1.36,1.57,1.75,1.9,1.38,1.59,1.79,1.96,2.18,2.36,2.6,2.78,2.86,3.02,3.13,0.63,0.73,0.76,0.89,0.99,0.91
2018-03,1.51,1.78,1.83,1.9,1.72,1.91,2.08,4.58,2.08,1.61,1.7,1.87,2,1.64,1.73,1.92,2.06,2.28,2.42,2.63,2.77,2.84,2.97,3.09,0.61,0.71,0.75,0.89,0.99,0.91
2018-04,1.69,1.83,1.89,2,1.82,2,2.2,4.75,2.25,1.63,1.76,1.93,2.08,1.66,1.79,1.98,2.15,2.38,2.52,2.7,2.82,2.87,2.96,3.07,0.65,0.72,0.74,0.85,0.93,0.87
2018-05,1.7,1.82,1.92,2.03,1.82,1.99,2.16,4.75,2.25,1.67,1.86,2.02,2.2,1.71,1.9,2.07,2.27,2.51,2.66,2.82,2.93,2.98,3.05,3.13,0.72,0.82,0.84,0.92,0.98,0.94
2018-06,1.82,1.93,2,2.08,1.91,2.05,2.19,4.89,2.39,1.77,1.9,2.06,2.25,1.81,1.94,2.11,2.33,2.53,2.65,2.78,2.87,2.91,2.98,3.05,0.71,0.76,0.79,0.87,0.93,0.9
2018-07,1.91,1.95,2.02,2.12,1.96,2.07,2.17,5,2.5,1.86,1.96,2.11,2.31,1.89,1.99,2.17,2.39,2.61,2.7,2.78,2.85,2.89,2.94,3.01,0.74,0.76,0.77,0.84,0.88,0.86
2018-08,1.91,1.96,2.02,2.12,1.98,2.08,2.19,5,2.5,1.91,2.03,2.19,2.36,1.94,2.07,2.24,2.45,2.64,2.71,2.77,2.84,2.89,2.97,3.04,0.79,0.79,0.79,0.86,0.92,0.9
2018-09,1.95,2.06,2.15,2.19,2.03,2.13,2.24,5.03,2.53,2,2.13,2.29,2.47,2.04,2.17,2.34,2.56,2.77,2.84,2.89,2.96,3,3.08,3.15,0.89,0.88,0.88,0.95,1,0.99
2018-10,2.19,2.23,2.26,2.31,2.21,2.29,2.37,5.25,2.75,2.14,2.25,2.4,2.56,2.17,2.29,2.46,2.65,2.86,2.94,3,3.09,3.15,3.27,3.34,1.01,1.03,1.04,1.14,1.21,1.19
2018-11,2.2,2.29,2.34,2.45,2.3,2.41,2.56,5.25,2.75,2.19,2.33,2.46,2.6,2.24,2.37,2.52,2.7,2.86,2.91,2.95,3.04,3.12,3.27,3.36,1.1,1.11,1.11,1.21,1.3,1.27
2018-12,2.27,2.44,2.48,2.52,2.38,2.54,2.69,5.35,2.85,2.32,2.37,2.48,2.57,2.37,2.41,2.54,2.66,2.68,2.67,2.68,2.75,2.83,2.98,3.1,1.08,1.04,1.02,1.11,1.19,1.17
2019-01,2.4,2.47,2.5,2.55,2.43,2.54,2.59,5.5,3,2.36,2.37,2.45,2.5,2.4,2.42,2.51,2.58,2.54,2.52,2.54,2.61,2.71,2.89,3.04,0.91,0.91,0.92,1.07,1.19,1.14
2019-02,2.4,2.43,2.46,2.49,2.41,2.45,2.49,5.5,3,2.39,2.39,2.44,2.47,2.43,2.44,2.5,2.55,2.5,2.48,2.49,2.57,2.68,2.87,3.02,0.73,0.76,0.8,0.96,1.1,1.05
2019-03,2.41,2.44,2.46,2.49,2.43,2.45,2.48,5.5,3,2.41,2.4,2.44,2.41,2.45,2.45,2.51,2.49,2.41,2.37,2.37,2.47,2.57,2.8,2.98,0.56,0.6,0.66,0.85,1.02,0.96
2019-04,2.42,2.44,2.45,2.47,2.42,2.44,2.47,5.5,3,2.38,2.38,2.39,2.34,2.43,2.43,2.46,2.42,2.34,2.31,2.33,2.43,2.53,2.76,2.94,0.49,0.54,0.6,0.79,0.97,0.92
2019-05,2.39,2.42,2.42,2.44,2.41,2.43,2.44,5.5,3,2.36,2.35,2.35,2.27,2.4,2.4,2.42,2.34,2.21,2.16,2.19,2.29,2.4,2.63,2.82,0.48,0.52,0.57,0.75,0.92,0.88
2019-06,2.38,2.35,2.33,2.31,2.34,2.31,2.3,5.5,3,2.18,2.17,2.11,1.94,2.22,2.22,2.17,2,1.81,1.78,1.83,1.95,2.07,2.36,2.57,0.28,0.32,0.37,0.59,0.79,0.74
2019-07,2.4,2.25,2.21,2.19,2.3,2.23,2.22,5.5,3,2.11,2.1,2.03,1.91,2.15,2.15,2.08,1.96,1.84,1.8,1.83,1.93,2.06,2.36,2.57,0.25,0.27,0.31,0.54,0.77,0.72
2019-08,2.13,2.08,2.07,2.07,2.09,2.08,2.06,5.25,2.75,2.03,1.95,1.88,1.73,2.07,1.99,1.93,1.77,1.57,1.51,1.49,1.55,1.63,1.91,2.12,0.11,0.07,0.04,0.25,0.49,0.44
2019-09,2.04,2.01,1.93,1.95,2.02,2.04,2.03,5.15,2.65,1.95,1.89,1.84,1.75,1.99,1.93,1.89,1.8,1.65,1.59,1.57,1.64,1.7,1.97,2.16,0.17,0.13,0.11,0.32,0.51,0.47
2019-10,1.83,1.86,1.82,1.8,1.83,1.81,1.88,4.99,2.49,1.7,1.65,1.62,1.57,1.73,1.68,1.67,1.61,1.55,1.53,1.53,1.62,1.71,2,2.19,0.12,0.12,0.15,0.36,0.55,0.51
2019-11,1.55,1.62,1.64,1.62,1.61,1.73,1.77,4.75,2.25,1.55,1.54,1.55,1.53,1.58,1.57,1.59,1.57,1.61,1.61,1.64,1.74,1.81,2.13,2.28,0.09,0.12,0.17,0.37,0.54,0.5
2019-12,1.55,1.62,1.64,1.7,1.65,1.74,1.76,4.75,2.25,1.52,1.54,1.54,1.51,1.55,1.57,1.58,1.55,1.61,1.63,1.68,1.79,1.86,2.16,2.3,0.06,0.09,0.14,0.35,0.52,0.48
2020-01,1.55,1.56,1.57,1.58,1.57,1.61,1.65,4.75,2.25,1.5,1.52,1.52,1.49,1.53,1.55,1.56,1.53,1.52,1.52,1.56,1.67,1.76,2.07,2.22,-0.09,-0.04,0.04,0.26,0.43,0.39
2020-02,1.58,1.55,1.55,1.56,1.58,1.58,1.59,4.75,2.25,1.55,1.52,1.47,1.37,1.58,1.54,1.51,1.41,1.33,1.31,1.32,1.42,1.5,1.81,1.97,-0.26,-0.2,-0.11,0.12,0.29,0.23
2020-03,0.65,1.36,1.29,1.44,1.44,1.73,1.35,3.78,1.02,0.36,0.29,0.29,0.32,0.37,0.3,0.3,0.33,0.45,0.5,0.59,0.78,0.87,1.26,1.46,-0.08,-0.13,-0.12,0.03,0.16,0.18
2020-04,0.05,0.47,0.61,0.98,0.1,ND,ND,3.25,0.25,0.11,0.14,0.17,0.18,0.11,0.14,0.17,0.18,0.22,0.28,0.39,0.55,0.66,1.06,1.27,-0.37,-0.44,-0.45,-0.28,-0.12,-0.13
2020-05,0.05,0.13,0.2,0.28,0.08,0.16,0.17,3.25,0.25,0.1,0.13,0.15,0.16,0.1,0.13,0.15,0.16,0.17,0.22,0.34,0.53,0.67,1.12,1.38,-0.43,-0.45,-0.44,-0.26,-0.08,-0.09
2020-06,0.08,0.12,0.15,0.18,0.11,0.16,0.2,3.25,0.25,0.13,0.16,0.18,0.18,0.13,0.16,0.18,0.18,0.19,0.22,0.34,0.55,0.73,1.27,1.49,-0.67,-0.62,-0.54,-0.28,-0.06,-0.1
2020-07,0.09,0.11,0.13,0.14,0.12,0.17,0.18,3.25,0.25,0.11,0.13,0.14,0.15,0.11,0.13,0.14,0.15,0.15,0.17,0.28,0.46,0.62,1.09,1.31,-1.03,-0.95,-0.83,-0.53,-0.29,-0.33
2020-08,0.1,0.09,0.1,0.12,0.1,0.11,0.15,3.25,0.25,0.08,0.1,0.12,0.13,0.08,0.1,0.12,0.13,0.14,0.16,0.27,0.46,0.65,1.14,1.36,-1.28,-1.17,-1.01,-0.62,-0.35,-0.42
2020-09,0.09,0.09,0.11,0.12,0.09,0.09,0.13,3.25,0.25,0.09,0.11,0.12,0.13,0.09,0.11,0.12,0.13,0.13,0.16,0.27,0.46,0.68,1.21,1.42,-1.26,-1.14,-0.98,-0.59,-0.34,-0.42
2020-10,0.09,0.09,0.1,0.11,0.09,0.11,0.12,3.25,0.25,0.09,0.1,0.11,0.13,0.09,0.1,0.11,0.13,0.15,0.19,0.34,0.55,0.79,1.34,1.57,-1.23,-1.1,-0.92,-0.51,-0.29,-0.37
2020-11,0.09,0.09,0.11,0.13,0.13,0.14,0.16,3.25,0.25,0.09,0.09,0.1,0.12,0.09,0.09,0.1,0.12,0.17,0.22,0.39,0.63,0.87,1.4,1.62,-1.24,-1.06,-0.84,-0.44,-0.26,-0.35
2020-12,0.09,0.09,0.1,0.13,0.11,0.21,0.17,3.25,0.25,0.08,0.09,0.09,0.1,0.08,0.09,0.09,0.1,0.14,0.19,0.39,0.66,0.93,1.47,1.67,-1.48,-1.24,-0.98,-0.54,-0.33,-0.43
2021-01,0.09,0.08,0.09,0.1,0.1,0.12,0.14,3.25,0.25,0.08,0.08,0.09,0.1,0.08,0.08,0.09,0.1,0.13,0.2,0.45,0.77,1.08,1.63,1.82,-1.66,-1.31,-1,-0.53,-0.28,-0.41
2021-02,0.08,0.06,0.07,0.08,0.09,0.13,0.11,3.25,0.25,0.04,0.04,0.06,0.07,0.04,0.04,0.06,0.07,0.12,0.21,0.54,0.91,1.26,1.88,2.04,-1.77,-1.35,-0.92,-0.35,-0.1,-0.27
2021-03,0.07,0.07,0.07,0.08,0.08,0.1,0.1,3.25,0.25,0.02,0.03,0.05,0.07,0.02,0.03,0.05,0.08,0.15,0.32,0.82,1.27,1.61,2.24,2.34,-1.67,-1.14,-0.66,-0.14,0.11,-0.02
2021-04,0.07,0.04,0.05,0.06,0.08,0.1,0.11,3.25,0.25,0.02,0.02,0.04,0.06,0.02,0.02,0.04,0.06,0.16,0.35,0.86,1.31,1.64,2.2,2.3,-1.67,-1.11,-0.71,-0.2,0.05,-0.07
2021-05,0.06,0.1,0.04,0.05,0.06,0.08,0.1,3.25,0.25,0.01,0.02,0.04,0.05,0.01,0.02,0.04,0.05,0.16,0.32,0.82,1.28,1.62,2.22,2.32,-1.83,-1.25,-0.85,-0.27,-0.01,-0.14
2021-06,0.08,0.04,0.04,0.05,0.06,0.1,0.09,3.25,0.25,0.03,0.04,0.05,0.07,0.03,0.04,0.05,0.07,0.2,0.39,0.84,1.23,1.52,2.09,2.16,-1.63,-1.18,-0.82,-0.34,-0.13,-0.23
2021-07,0.1,0.05,0.06,0.06,0.08,0.1,0.1,3.25,0.25,0.05,0.05,0.05,0.07,0.05,0.05,0.05,0.08,0.22,0.4,0.76,1.07,1.32,1.87,1.94,-1.73,-1.32,-1.01,-0.52,-0.29,-0.39
2021-08,0.09,0.05,0.06,0.06,0.08,0.1,0.1,3.25,0.25,0.04,0.05,0.06,0.07,0.04,0.05,0.06,0.07,0.22,0.42,0.77,1.06,1.28,1.83,1.92,-1.72,-1.34,-1.07,-0.56,-0.31,-0.42
2021-09,0.08,0.05,0.06,0.06,0.08,ND,0.1,3.25,0.25,0.05,0.04,0.05,0.07,0.05,0.04,0.05,0.08,0.24,0.47,0.86,1.16,1.37,1.87,1.94,-1.63,-1.28,-0.97,-0.51,-0.3,-0.4
2021-10,0.08,0.05,0.06,0.06,0.08,0.09,0.11,3.25,0.25,0.05,0.05,0.06,0.1,0.06,0.05,0.06,0.11,0.39,0.67,1.11,1.4,1.58,2.03,2.06,-1.64,-1.28,-0.95,-0.51,-0.29,-0.39
2021-11,0.08,0.06,0.06,0.08,0.11,0.12,0.14,3.25,0.25,0.07,0.05,0.07,0.17,0.07,0.05,0.07,0.18,0.51,0.82,1.2,1.45,1.56,1.97,1.94,-1.78,-1.39,-1.06,-0.63,-0.44,-0.51
2021-12,0.08,0.07,0.1,0.13,0.08,0.16,0.17,3.25,0.25,0.04,0.06,0.15,0.28,0.04,0.06,0.15,0.3,0.68,0.95,1.23,1.4,1.47,1.9,1.85,-1.52,-1.24,-0.99,-0.61,-0.42,-0.49
2022-01,0.08,0.07,0.11,0.15,0.1,0.15,0.22,3.25,0.25,0.05,0.15,0.33,0.53,0.05,0.15,0.33,0.55,0.98,1.25,1.54,1.7,1.76,2.15,2.1,-1.26,-0.94,-0.69,-0.31,-0.14,-0.21
2022-02,0.08,0.16,0.25,0.21,0.15,0.28,0.38,3.25,0.25,0.04,0.33,0.64,0.97,0.04,0.31,0.64,1,1.44,1.65,1.81,1.91,1.93,2.31,2.25,-1.06,-0.78,-0.52,-0.13,0.07,0
2022-03,0.2,0.32,0.49,0.63,0.36,0.52,0.73,3.37,0.37,0.17,0.44,0.83,1.28,0.18,0.45,0.86,1.34,1.91,2.09,2.11,2.15,2.13,2.51,2.41,-1.3,-0.99,-0.72,-0.3,-0.08,-0.14
2022-04,0.33,0.44,0.61,0.87,0.5,0.75,0.91,3.5,0.5,0.3,0.76,1.23,1.81,0.31,0.76,1.26,1.89,2.54,2.72,2.78,2.8,2.75,2.99,2.81,-0.54,-0.32,-0.14,0.13,0.26,0.3
2022-05,0.77,0.8,0.91,1.08,0.91,1.12,1.33,3.94,0.94,0.56,0.98,1.45,1.97,0.58,0.99,1.49,2.06,2.62,2.79,2.87,2.92,2.9,3.26,3.07,-0.15,0.04,0.21,0.47,0.6,0.7
2022-06,1.21,1.35,1.27,1.07,1.4,1.73,1.87,4.38,1.38,1.03,1.49,2.11,2.55,1.06,1.54,2.17,2.65,3,3.15,3.19,3.21,3.14,3.48,3.25,0.3,0.42,0.53,0.7,0.78,0.93
2022-07,1.68,1.9,2.12,2.44,2.03,2.24,2.5,4.85,1.85,1.8,2.23,2.76,2.91,1.85,2.3,2.87,3.02,3.04,3.03,2.96,2.97,2.9,3.35,3.1,0.38,0.45,0.53,0.75,0.89,1.05
2022-08,2.33,2.33,2.46,2.57,2.38,2.53,2.76,5.5,2.5,2.19,2.63,3.05,3.16,2.28,2.72,3.15,3.28,3.25,3.23,3.03,2.98,2.9,3.35,3.13,0.34,0.36,0.39,0.65,0.84,0.97
2022-09,2.56,2.8,2.91,ND,2.79,3.33,3.21,5.73,2.73,2.52,3.13,3.63,3.73,2.61,3.22,3.71,3.89,3.86,3.88,3.7,3.64,3.52,3.82,3.56,1.25,1.18,1.14,1.21,1.29,1.46
2022-10,3.08,3.28,3.5,3.81,3.32,3.45,3.85,6.25,3.25,3.18,3.72,4.18,4.23,3.32,3.87,4.31,4.43,4.38,4.38,4.18,4.09,3.98,4.28,4.04,1.71,1.64,1.59,1.64,1.71,1.9
2022-11,3.78,3.88,4.03,4.25,3.9,4.1,4.46,6.95,3.95,3.72,4.15,4.48,4.51,3.87,4.32,4.61,4.73,4.5,4.34,4.06,3.99,3.89,4.22,4,1.61,1.56,1.52,1.55,1.6,1.78
2022-12,4.1,4.2,4.31,4.45,4.21,4.37,4.51,7.27,4.27,3.72,4.25,4.55,4.47,3.9,4.36,4.71,4.68,4.29,4.05,3.76,3.72,3.62,3.87,3.66,1.45,1.39,1.36,1.37,1.4,1.54
2023-01,4.33,4.33,4.45,4.56,4.45,4.57,4.61,7.5,4.5,4.33,4.54,4.67,4.49,4.52,4.69,4.8,4.69,4.21,3.91,3.64,3.59,3.53,3.81,3.66,1.41,1.34,1.29,1.35,1.42,1.51
2023-02,4.57,4.55,4.61,4.71,4.6,ND,4.74,7.74,4.74,4.51,4.65,4.81,4.7,4.64,4.79,4.97,4.93,4.53,4.23,3.94,3.86,3.75,3.95,3.8,1.5,1.45,1.41,1.46,1.51,1.6
2023-03,4.65,4.74,4.83,4.86,4.74,NA,4.91,7.82,4.82,4.33,4.69,4.77,4.47,4.49,4.86,4.99,4.68,4.3,4.09,3.82,3.77,3.66,3.94,3.77,1.45,1.39,1.36,1.43,1.51,1.58
2023-04,4.83,4.82,4.8,4.88,4.87,4.95,5.03,8,5,4.02,4.92,4.79,4.48,4.17,5.07,4.99,4.68,4.02,3.76,3.54,3.5,3.46,3.8,3.68,1.23,1.21,1.19,1.33,1.45,1.51
2023-05,5.06,5.06,5.1,5.1,5.08,5.14,5.15,8.23,5.23,5.31,5.14,5.03,4.69,5.49,5.31,5.27,4.91,4.13,3.82,3.59,3.58,3.57,3.96,3.86,1.44,1.39,1.36,1.48,1.6,1.64
2023-06,5.08,5.1,5.17,5.2,5.13,5.26,5.22,8.25,5.25,5.04,5.16,5.19,4.98,5.2,5.42,5.42,5.24,4.64,4.27,3.95,3.85,3.75,4.04,3.87,1.81,1.65,1.55,1.56,1.64,1.69
2023-07,5.12,5.16,5.17,ND,5.22,5.34,5.35,8.29,5.29,5.2,5.25,5.27,5.1,5.39,5.49,5.53,5.37,4.83,4.47,4.14,4.03,3.9,4.15,3.96,1.93,1.74,1.6,1.6,1.69,1.75
2023-08,5.33,5.3,5.33,5.34,5.37,5.43,5.44,8.5,5.5,5.28,5.3,5.28,5.09,5.54,5.56,5.54,5.37,4.9,4.59,4.31,4.26,4.17,4.46,4.28,2.07,1.93,1.83,1.88,1.97,2.02
2023-09,5.33,5.31,5.33,5.34,5.38,5.48,5.49,8.5,5.5,5.29,5.32,5.31,5.15,5.53,5.56,5.51,5.44,5.02,4.74,4.49,4.46,4.38,4.65,4.47,2.23,2.12,2.04,2.07,2.13,2.18
2023-10,5.33,5.33,5.35,5.38,5.38,5.43,5.46,8.5,5.5,5.3,5.34,5.33,5.15,5.57,5.6,5.57,5.42,5.07,4.89,4.77,4.82,4.8,5.13,4.95,2.46,2.43,2.41,2.45,2.48,2.55
2023-11,5.33,5.33,5.35,5.38,5.37,5.43,5.41,8.5,5.5,5.29,5.27,5.24,5.01,5.53,5.52,5.44,5.28,4.88,4.64,4.49,4.53,4.5,4.84,4.66,2.24,2.22,2.2,2.23,2.26,2.33
2023-12,5.33,5.32,5.34,5.36,5.33,5.42,5.32,8.5,5.5,5.27,5.24,5.12,4.72,5.54,5.44,5.34,4.96,4.46,4.19,4,4.04,4.02,4.32,4.14,1.88,1.85,1.84,1.9,1.95,2.02
2024-01,5.33,5.32,5.3,5.31,5.31,5.31,5.26,8.5,5.5,5.28,5.22,5.02,4.57,5.54,5.45,5.21,4.79,4.32,4.11,3.98,4.03,4.06,4.39,4.26,1.76,1.77,1.79,1.92,2.02,2.06
2024-02,5.33,5.31,5.27,ND,5.32,5.33,5.22,8.5,5.5,5.28,5.24,5.09,4.69,5.49,5.44,5.28,4.92,4.54,4.33,4.19,4.21,4.21,4.49,4.38,1.87,1.89,1.93,2.04,2.12,2.14
2024-03,5.33,5.32,5.32,5.32,5.31,5.32,5.29,8.5,5.5,5.28,5.24,5.11,4.76,5.51,5.47,5.36,4.99,4.59,4.38,4.2,4.21,4.21,4.46,4.36,1.82,1.85,1.9,2.01,2.09,2.11
2024-04,5.33,5.31,5.32,5.34,5.33,5.31,5.33,8.5,5.5,5.28,5.24,5.15,4.89,5.48,5.44,5.38,5.14,4.87,4.71,4.56,4.56,4.54,4.77,4.66,2.11,2.12,2.15,2.24,2.31,2.34
2024-05,5.33,5.32,5.32,ND,5.32,5.32,5.33,8.5,5.5,5.27,5.25,5.17,4.91,5.5,5.46,5.42,5.16,4.86,4.66,4.5,4.49,4.48,4.71,4.62,2.17,2.16,2.15,2.22,2.28,2.3
2024-06,5.33,5.31,5.32,5.32,5.32,ND,5.28,8.5,5.5,5.25,5.24,5.15,4.87,5.46,5.51,5.37,5.11,4.74,4.5,4.32,4.3,4.31,4.54,4.44,2.1,2.07,2.05,2.11,2.17,2.18
2024-07,5.33,5.3,5.3,5.26,5.32,5.29,5.31,8.5,5.5,5.28,5.2,5.01,4.68,5.48,5.43,5.25,4.9,4.5,4.29,4.16,4.19,4.25,4.56,4.46,1.98,1.97,1.97,2.09,2.18,2.18
2024-08,5.33,5.29,5.22,5.12,5.25,5.23,5.12,8.5,5.5,5.25,5.05,4.74,4.25,5.5,5.3,4.96,4.43,3.97,3.79,3.71,3.77,3.87,4.25,4.15,1.74,1.75,1.76,1.91,2.03,2.02
2024-09,5.13,5.02,5.04,4.85,5.07,4.92,4.86,8.3,5.3,4.86,4.72,4.42,3.87,5.06,4.92,4.55,4.03,3.62,3.51,3.5,3.6,3.72,4.1,4.04,1.53,1.56,1.62,1.8,1.93,1.91
2024-10,4.83,4.78,4.69,4.61,4.76,4.7,4.62,8,5,4.71,4.51,4.3,4.03,4.92,4.72,4.44,4.2,3.97,3.9,3.91,3.99,4.1,4.44,4.38,1.68,1.74,1.81,1.99,2.1,2.08
2024-11,4.64,4.62,4.59,4.57,4.61,4.55,4.53,7.81,4.81,4.53,4.42,4.31,4.14,4.71,4.62,4.43,4.33,4.26,4.21,4.23,4.29,4.36,4.63,4.54,1.84,1.94,2.03,2.18,2.25,2.24
2024-12,4.48,4.5,4.47,4.43,4.51,4.49,4.46,7.65,4.65,4.31,4.27,4.19,4.05,4.5,4.39,4.32,4.23,4.23,4.22,4.25,4.32,4.39,4.66,4.58,1.89,1.99,2.09,2.24,2.31,2.31
2025-01,4.33,4.32,4.28,4.23,4.34,4.32,4.33,7.5,4.5,4.25,4.21,4.15,4,4.42,4.34,4.26,4.18,4.27,4.33,4.43,4.53,4.63,4.92,4.85,1.94,2.1,2.23,2.42,2.5,2.49
2025-02,4.33,4.31,4.29,4.27,4.33,4.32,4.34,7.5,4.5,4.25,4.22,4.19,4.01,4.37,4.33,4.3,4.19,4.21,4.22,4.28,4.37,4.45,4.73,4.68,1.67,1.87,2.03,2.25,2.35,2.3
2025-03,4.33,4.32,4.31,4.28,4.33,4.31,4.29,7.5,4.5,4.23,4.2,4.1,3.9,4.37,4.34,4.27,4.06,3.97,3.96,4.04,4.16,4.28,4.63,4.6,1.51,1.75,1.95,2.22,2.35,2.29
2025-04,4.33,4.34,4.34,4.32,4.32,4.33,4.32,7.5,4.5,4.24,4.21,4.05,3.8,4.35,4.32,4.2,3.95,3.78,3.78,3.91,4.08,4.28,4.74,4.71,1.57,1.82,2.04,2.36,2.51,2.47
2025-05,4.33,4.32,4.31,4.3,4.33,4.3,4.29,7.5,4.5,4.23,4.25,4.13,3.92,4.37,4.36,4.3,4.09,3.92,3.9,4.02,4.22,4.42,4.92,4.9,1.64,1.88,2.11,2.46,2.62,2.57
